{
    "confidence_score": 0.9882344603538513,
    "ptm": 0.9866113066673279,
    "iptm": 0.9922679662704468,
    "ligand_iptm": 0.9922679662704468,
    "protein_iptm": 0.0,
    "complex_plddt": 0.9872260689735413,
    "complex_iplddt": 0.9863727688789368,
    "complex_pde": 0.27676114439964294,
    "complex_ipde": 0.31095048785209656,
    "chains_ptm": {
        "0": 0.9858646392822266,
        "1": 0.8497155904769897
    },
    "pair_chains_iptm": {
        "0": {
            "0": 0.9858646392822266,
            "1": 0.6703694462776184
        },
        "1": {
            "0": 0.9922679662704468,
            "1": 0.8497155904769897
        }
    }
}