column,modality,weight,weight_std,weight_pct
graphdta_ic50,GraphDTA_IC50,0.24212447845312565,0.002288463817706669,24.212447845312564
vina_score,Vina,0.20600825596212702,0.03600778450346746,20.6008255962127
boltz_confidence,Boltz_confidence,0.15532097173719822,0.04384416406279622,15.532097173719823
drugban_affinity,DrugBAN,0.10075942835494792,0.01372837901641286,10.075942835494791
tankbind_affinity,TankBind,0.06945697422382165,0.04063899736470375,6.945697422382165
boltz_affinity,Boltz_affinity,0.05317332395409715,0.02504182852728021,5.317332395409715
moltrans_affinity,MolTrans,0.0415584308363662,0.01009889980917053,4.15584308363662
graphdta_kd,GraphDTA_Kd,0.03694245097190828,0.00827395232703623,3.694245097190828
unimol_similarity,UniMol_sim,0.03435689683392397,0.004462621081351561,3.4356896833923978
graphdta_ki,GraphDTA_Ki,0.030298788672455324,0.0006681117825170185,3.0298788672455323
mltle_pKd,MLTLE_pKd,0.03,0.0,3.0
