{
    "confidence_score": 0.9881817102432251,
    "ptm": 0.9814326167106628,
    "iptm": 0.9909505844116211,
    "ligand_iptm": 0.9909505844116211,
    "protein_iptm": 0.0,
    "complex_plddt": 0.9874895215034485,
    "complex_iplddt": 0.9873606562614441,
    "complex_pde": 0.28998035192489624,
    "complex_ipde": 0.32449445128440857,
    "chains_ptm": {
        "0": 0.980252206325531,
        "1": 0.8336218595504761
    },
    "pair_chains_iptm": {
        "0": {
            "0": 0.980252206325531,
            "1": 0.6438039541244507
        },
        "1": {
            "0": 0.9909505844116211,
            "1": 0.8336218595504761
        }
    }
}