{
    "confidence_score": 0.9879447817802429,
    "ptm": 0.9830023646354675,
    "iptm": 0.99181067943573,
    "ligand_iptm": 0.99181067943573,
    "protein_iptm": 0.0,
    "complex_plddt": 0.98697829246521,
    "complex_iplddt": 0.9860435128211975,
    "complex_pde": 0.2872861921787262,
    "complex_ipde": 0.32370978593826294,
    "chains_ptm": {
        "0": 0.981742262840271,
        "1": 0.9132317900657654
    },
    "pair_chains_iptm": {
        "0": {
            "0": 0.981742262840271,
            "1": 0.7384547591209412
        },
        "1": {
            "0": 0.99181067943573,
            "1": 0.9132317900657654
        }
    }
}