{
    "confidence_score": 0.9431466460227966,
    "ptm": 0.9768627285957336,
    "iptm": 0.806492030620575,
    "ligand_iptm": 0.806492030620575,
    "protein_iptm": 0.0,
    "complex_plddt": 0.9773102402687073,
    "complex_iplddt": 0.8971609473228455,
    "complex_pde": 0.4194141924381256,
    "complex_ipde": 2.2854630947113037,
    "chains_ptm": {
        "0": 0.9842106103897095,
        "1": 0.9199461936950684
    },
    "pair_chains_iptm": {
        "0": {
            "0": 0.9842106103897095,
            "1": 0.2651120722293854
        },
        "1": {
            "0": 0.806492030620575,
            "1": 0.9199461936950684
        }
    }
}