{
    "confidence_score": 0.9879053235054016,
    "ptm": 0.9850461483001709,
    "iptm": 0.9907030463218689,
    "ligand_iptm": 0.9907030463218689,
    "protein_iptm": 0.0,
    "complex_plddt": 0.9872058629989624,
    "complex_iplddt": 0.9836927652359009,
    "complex_pde": 0.27502983808517456,
    "complex_ipde": 0.32132822275161743,
    "chains_ptm": {
        "0": 0.9845482707023621,
        "1": 0.8830710053443909
    },
    "pair_chains_iptm": {
        "0": {
            "0": 0.9845482707023621,
            "1": 0.6620317101478577
        },
        "1": {
            "0": 0.9907030463218689,
            "1": 0.8830710053443909
        }
    }
}