{
    "confidence_score": 0.9326122403144836,
    "ptm": 0.9776679873466492,
    "iptm": 0.76209557056427,
    "ligand_iptm": 0.76209557056427,
    "protein_iptm": 0.0,
    "complex_plddt": 0.9752414226531982,
    "complex_iplddt": 0.8709628582000732,
    "complex_pde": 0.4215385317802429,
    "complex_ipde": 2.9236152172088623,
    "chains_ptm": {
        "0": 0.9860684871673584,
        "1": 0.9826236367225647
    },
    "pair_chains_iptm": {
        "0": {
            "0": 0.9860684871673584,
            "1": 0.40192967653274536
        },
        "1": {
            "0": 0.76209557056427,
            "1": 0.9826236367225647
        }
    }
}