{
    "confidence_score": 0.9875097274780273,
    "ptm": 0.9865949153900146,
    "iptm": 0.9926705360412598,
    "ligand_iptm": 0.9926705360412598,
    "protein_iptm": 0.0,
    "complex_plddt": 0.986219584941864,
    "complex_iplddt": 0.9847826361656189,
    "complex_pde": 0.2764960527420044,
    "complex_ipde": 0.31210845708847046,
    "chains_ptm": {
        "0": 0.9857835173606873,
        "1": 0.9177299737930298
    },
    "pair_chains_iptm": {
        "0": {
            "0": 0.9857835173606873,
            "1": 0.7298892736434937
        },
        "1": {
            "0": 0.9926705360412598,
            "1": 0.9177299737930298
        }
    }
}