{
    "confidence_score": 0.9891910552978516,
    "ptm": 0.9866549372673035,
    "iptm": 0.9937067627906799,
    "ligand_iptm": 0.9937067627906799,
    "protein_iptm": 0.0,
    "complex_plddt": 0.9880620837211609,
    "complex_iplddt": 0.9880490303039551,
    "complex_pde": 0.27144941687583923,
    "complex_ipde": 0.2950415015220642,
    "chains_ptm": {
        "0": 0.985752284526825,
        "1": 0.8685131072998047
    },
    "pair_chains_iptm": {
        "0": {
            "0": 0.985752284526825,
            "1": 0.6982499361038208
        },
        "1": {
            "0": 0.9937067627906799,
            "1": 0.8685131072998047
        }
    }
}