column,modality,weight,weight_std,weight_pct
unimol_similarity,UniMol_sim,0.23232565758957216,0.003663572369629283,23.232565758957218
boltz_confidence,Boltz_confidence,0.22884707226436327,0.007520762196014065,22.884707226436326
drugban_affinity,DrugBAN,0.1494998149481791,0.019848909350937846,14.949981494817909
tankbind_affinity,TankBind,0.10346741771168833,0.04435328159161631,10.346741771168832
vina_score,Vina,0.09169944469025822,0.05102596288059512,9.169944469025822
boltz_affinity,Boltz_affinity,0.04027630195961618,0.016516289131360575,4.027630195961619
moltrans_affinity,MolTrans,0.031520423408791326,0.0021967274971274025,3.1520423408791327
mltle_pKd,MLTLE_pKd,0.031247628064377215,0.0027897811625839375,3.1247628064377215
graphdta_ic50,GraphDTA_IC50,0.030564679250223842,0.0012626611889841263,3.0564679250223845
graphdta_kd,GraphDTA_Kd,0.03055156011293858,0.001233325906208124,3.0551560112938576
graphdta_ki,GraphDTA_Ki,0.03,0.0,3.0
