{
    "confidence_score": 0.9893852472305298,
    "ptm": 0.9862395524978638,
    "iptm": 0.9948659539222717,
    "ligand_iptm": 0.9948659539222717,
    "protein_iptm": 0.0,
    "complex_plddt": 0.9880150556564331,
    "complex_iplddt": 0.9885976910591125,
    "complex_pde": 0.2708454132080078,
    "complex_ipde": 0.2837833762168884,
    "chains_ptm": {
        "0": 0.9850662350654602,
        "1": 0.8861275315284729
    },
    "pair_chains_iptm": {
        "0": {
            "0": 0.9850662350654602,
            "1": 0.7530111074447632
        },
        "1": {
            "0": 0.9948659539222717,
            "1": 0.8861275315284729
        }
    }
}