{
    "confidence_score": 0.9869710206985474,
    "ptm": 0.985411524772644,
    "iptm": 0.9883894324302673,
    "ligand_iptm": 0.9883894324302673,
    "protein_iptm": 0.0,
    "complex_plddt": 0.9866164326667786,
    "complex_iplddt": 0.9826833009719849,
    "complex_pde": 0.2842288017272949,
    "complex_ipde": 0.34353771805763245,
    "chains_ptm": {
        "0": 0.9850293397903442,
        "1": 0.9199914336204529
    },
    "pair_chains_iptm": {
        "0": {
            "0": 0.9850293397903442,
            "1": 0.7577996850013733
        },
        "1": {
            "0": 0.9883894324302673,
            "1": 0.9199914336204529
        }
    }
}