{
    "confidence_score": 0.9811515808105469,
    "ptm": 0.9822240471839905,
    "iptm": 0.9624677300453186,
    "ligand_iptm": 0.9624677300453186,
    "protein_iptm": 0.0,
    "complex_plddt": 0.9858224987983704,
    "complex_iplddt": 0.9766091704368591,
    "complex_pde": 0.30825352668762207,
    "complex_ipde": 0.5507230758666992,
    "chains_ptm": {
        "0": 0.9841057658195496,
        "1": 0.8707283139228821
    },
    "pair_chains_iptm": {
        "0": {
            "0": 0.9841057658195496,
            "1": 0.5111573338508606
        },
        "1": {
            "0": 0.9624677300453186,
            "1": 0.8707283139228821
        }
    }
}