column,modality,weight,weight_std,weight_pct
unimol_similarity,UniMol_sim,0.23189530451431267,0.00474662574314119,23.189530451431267
drugban_affinity,DrugBAN,0.2091402508733026,0.016088766332419315,20.91402508733026
vina_score,Vina,0.19183318916260678,0.03868971281037683,19.18331891626068
boltz_confidence,Boltz_confidence,0.1443413052540516,0.034492859494815106,14.43413052540516
tankbind_affinity,TankBind,0.039638880336914636,0.012850045320117246,3.9638880336914646
boltz_affinity,Boltz_affinity,0.031469245886908956,0.0021433212398340954,3.146924588690896
moltrans_affinity,MolTrans,0.030866912052731576,0.0016170987884313484,3.0866912052731577
graphdta_kd,GraphDTA_Kd,0.030532456288459835,0.0011906084560434327,3.0532456288459837
mltle_pKd,MLTLE_pKd,0.03023945586232349,0.0005354395857661547,3.0239455862323488
graphdta_ki,GraphDTA_Ki,0.030042999768223822,9.615040476520895e-05,3.0042999768223826
graphdta_ic50,GraphDTA_IC50,0.03,0.0,3.0
