{
    "confidence_score": 0.9873009920120239,
    "ptm": 0.9867536425590515,
    "iptm": 0.9909651875495911,
    "ligand_iptm": 0.9909651875495911,
    "protein_iptm": 0.0,
    "complex_plddt": 0.9863848686218262,
    "complex_iplddt": 0.982896089553833,
    "complex_pde": 0.282084196805954,
    "complex_ipde": 0.32723692059516907,
    "chains_ptm": {
        "0": 0.9861639738082886,
        "1": 0.9225130677223206
    },
    "pair_chains_iptm": {
        "0": {
            "0": 0.9861639738082886,
            "1": 0.7436328530311584
        },
        "1": {
            "0": 0.9909651875495911,
            "1": 0.9225130677223206
        }
    }
}