{
    "confidence_score": 0.9848878979682922,
    "ptm": 0.9813439249992371,
    "iptm": 0.9871782660484314,
    "ligand_iptm": 0.9871782660484314,
    "protein_iptm": 0.0,
    "complex_plddt": 0.9843152761459351,
    "complex_iplddt": 0.9779840707778931,
    "complex_pde": 0.2946259677410126,
    "complex_ipde": 0.36334338784217834,
    "chains_ptm": {
        "0": 0.9808927178382874,
        "1": 0.9414430856704712
    },
    "pair_chains_iptm": {
        "0": {
            "0": 0.9808927178382874,
            "1": 0.7421039938926697
        },
        "1": {
            "0": 0.9871782660484314,
            "1": 0.9414430856704712
        }
    }
}