{
    "confidence_score": 0.9796067476272583,
    "ptm": 0.9822408556938171,
    "iptm": 0.9630559086799622,
    "ligand_iptm": 0.9630559086799622,
    "protein_iptm": 0.0,
    "complex_plddt": 0.9837444424629211,
    "complex_iplddt": 0.9638626575469971,
    "complex_pde": 0.3034178912639618,
    "complex_ipde": 0.5279855132102966,
    "chains_ptm": {
        "0": 0.9835540056228638,
        "1": 0.8961923718452454
    },
    "pair_chains_iptm": {
        "0": {
            "0": 0.9835540056228638,
            "1": 0.5408735275268555
        },
        "1": {
            "0": 0.9630559086799622,
            "1": 0.8961923718452454
        }
    }
}