{
    "confidence_score": 0.9833114743232727,
    "ptm": 0.9743553996086121,
    "iptm": 0.9833354353904724,
    "ligand_iptm": 0.9833354353904724,
    "protein_iptm": 0.0,
    "complex_plddt": 0.9833055138587952,
    "complex_iplddt": 0.9720783233642578,
    "complex_pde": 0.3336143493652344,
    "complex_ipde": 0.4209012985229492,
    "chains_ptm": {
        "0": 0.97309809923172,
        "1": 0.8234678506851196
    },
    "pair_chains_iptm": {
        "0": {
            "0": 0.97309809923172,
            "1": 0.634489119052887
        },
        "1": {
            "0": 0.9833354353904724,
            "1": 0.8234678506851196
        }
    }
}