{
    "confidence_score": 0.983264148235321,
    "ptm": 0.9753230214118958,
    "iptm": 0.9822026491165161,
    "ligand_iptm": 0.9822026491165161,
    "protein_iptm": 0.0,
    "complex_plddt": 0.9835295677185059,
    "complex_iplddt": 0.9748954176902771,
    "complex_pde": 0.31944406032562256,
    "complex_ipde": 0.40907546877861023,
    "chains_ptm": {
        "0": 0.9746551513671875,
        "1": 0.9418376684188843
    },
    "pair_chains_iptm": {
        "0": {
            "0": 0.9746551513671875,
            "1": 0.741123378276825
        },
        "1": {
            "0": 0.9822026491165161,
            "1": 0.9418376684188843
        }
    }
}