{
    "confidence_score": 0.9822185635566711,
    "ptm": 0.9817004799842834,
    "iptm": 0.9756753444671631,
    "ligand_iptm": 0.9756753444671631,
    "protein_iptm": 0.0,
    "complex_plddt": 0.983854353427887,
    "complex_iplddt": 0.9772679209709167,
    "complex_pde": 0.31758853793144226,
    "complex_ipde": 0.4891400635242462,
    "chains_ptm": {
        "0": 0.9829817414283752,
        "1": 0.8930110335350037
    },
    "pair_chains_iptm": {
        "0": {
            "0": 0.9829817414283752,
            "1": 0.6985825300216675
        },
        "1": {
            "0": 0.9756753444671631,
            "1": 0.8930110335350037
        }
    }
}