{
    "confidence_score": 0.9893150329589844,
    "ptm": 0.984650194644928,
    "iptm": 0.994877815246582,
    "ligand_iptm": 0.994877815246582,
    "protein_iptm": 0.0,
    "complex_plddt": 0.9879243969917297,
    "complex_iplddt": 0.988368809223175,
    "complex_pde": 0.2730329632759094,
    "complex_ipde": 0.282889187335968,
    "chains_ptm": {
        "0": 0.9834228157997131,
        "1": 0.8490015864372253
    },
    "pair_chains_iptm": {
        "0": {
            "0": 0.9834228157997131,
            "1": 0.688747763633728
        },
        "1": {
            "0": 0.994877815246582,
            "1": 0.8490015864372253
        }
    }
}