{
    "confidence_score": 0.9888902902603149,
    "ptm": 0.9843971729278564,
    "iptm": 0.9937185049057007,
    "ligand_iptm": 0.9937185049057007,
    "protein_iptm": 0.0,
    "complex_plddt": 0.9876831769943237,
    "complex_iplddt": 0.9870071411132812,
    "complex_pde": 0.2767881751060486,
    "complex_ipde": 0.2956200838088989,
    "chains_ptm": {
        "0": 0.9832412600517273,
        "1": 0.9209668040275574
    },
    "pair_chains_iptm": {
        "0": {
            "0": 0.9832412600517273,
            "1": 0.8309627175331116
        },
        "1": {
            "0": 0.9937185049057007,
            "1": 0.9209668040275574
        }
    }
}