{
    "confidence_score": 0.9882184267044067,
    "ptm": 0.9853350520133972,
    "iptm": 0.9918975234031677,
    "ligand_iptm": 0.9918975234031677,
    "protein_iptm": 0.0,
    "complex_plddt": 0.9872986078262329,
    "complex_iplddt": 0.9873374700546265,
    "complex_pde": 0.27773770689964294,
    "complex_ipde": 0.3095943033695221,
    "chains_ptm": {
        "0": 0.9845211505889893,
        "1": 0.8519105911254883
    },
    "pair_chains_iptm": {
        "0": {
            "0": 0.9845211505889893,
            "1": 0.6704788208007812
        },
        "1": {
            "0": 0.9918975234031677,
            "1": 0.8519105911254883
        }
    }
}