{
    "confidence_score": 0.9889795184135437,
    "ptm": 0.9863818287849426,
    "iptm": 0.9914724230766296,
    "ligand_iptm": 0.9914724230766296,
    "protein_iptm": 0.0,
    "complex_plddt": 0.9883562922477722,
    "complex_iplddt": 0.9886340498924255,
    "complex_pde": 0.2753722369670868,
    "complex_ipde": 0.31260016560554504,
    "chains_ptm": {
        "0": 0.9857950806617737,
        "1": 0.8466746807098389
    },
    "pair_chains_iptm": {
        "0": {
            "0": 0.9857950806617737,
            "1": 0.6681049466133118
        },
        "1": {
            "0": 0.9914724230766296,
            "1": 0.8466746807098389
        }
    }
}