{
    "confidence_score": 0.9328052401542664,
    "ptm": 0.9761167764663696,
    "iptm": 0.7701084017753601,
    "ligand_iptm": 0.7701084017753601,
    "protein_iptm": 0.0,
    "complex_plddt": 0.9734795093536377,
    "complex_iplddt": 0.8944022059440613,
    "complex_pde": 0.5044453740119934,
    "complex_ipde": 2.9916470050811768,
    "chains_ptm": {
        "0": 0.9880756139755249,
        "1": 0.9284384846687317
    },
    "pair_chains_iptm": {
        "0": {
            "0": 0.9880756139755249,
            "1": 0.40358594059944153
        },
        "1": {
            "0": 0.7701084017753601,
            "1": 0.9284384846687317
        }
    }
}