{
    "confidence_score": 0.9851642847061157,
    "ptm": 0.9821060299873352,
    "iptm": 0.9872138500213623,
    "ligand_iptm": 0.9872138500213623,
    "protein_iptm": 0.0,
    "complex_plddt": 0.9846519231796265,
    "complex_iplddt": 0.9815735220909119,
    "complex_pde": 0.29736658930778503,
    "complex_ipde": 0.36188825964927673,
    "chains_ptm": {
        "0": 0.9814317226409912,
        "1": 0.8647388815879822
    },
    "pair_chains_iptm": {
        "0": {
            "0": 0.9814317226409912,
            "1": 0.6572582721710205
        },
        "1": {
            "0": 0.9872138500213623,
            "1": 0.8647388815879822
        }
    }
}