{
    "confidence_score": 0.9615160226821899,
    "ptm": 0.9821987152099609,
    "iptm": 0.8837404251098633,
    "ligand_iptm": 0.8837404251098633,
    "protein_iptm": 0.0,
    "complex_plddt": 0.980959951877594,
    "complex_iplddt": 0.92690509557724,
    "complex_pde": 0.34259822964668274,
    "complex_ipde": 1.4323996305465698,
    "chains_ptm": {
        "0": 0.9861982464790344,
        "1": 0.9324566125869751
    },
    "pair_chains_iptm": {
        "0": {
            "0": 0.9861982464790344,
            "1": 0.3178863227367401
        },
        "1": {
            "0": 0.8837404251098633,
            "1": 0.9324566125869751
        }
    }
}