{
    "confidence_score": 0.976959228515625,
    "ptm": 0.984373152256012,
    "iptm": 0.9485308527946472,
    "ligand_iptm": 0.9485308527946472,
    "protein_iptm": 0.0,
    "complex_plddt": 0.984066367149353,
    "complex_iplddt": 0.9613842368125916,
    "complex_pde": 0.3063604235649109,
    "complex_ipde": 0.6564620733261108,
    "chains_ptm": {
        "0": 0.9866088032722473,
        "1": 0.9383838176727295
    },
    "pair_chains_iptm": {
        "0": {
            "0": 0.9866088032722473,
            "1": 0.5756251811981201
        },
        "1": {
            "0": 0.9485308527946472,
            "1": 0.9383838176727295
        }
    }
}