{
    "confidence_score": 0.9869266748428345,
    "ptm": 0.9842589497566223,
    "iptm": 0.9909887313842773,
    "ligand_iptm": 0.9909887313842773,
    "protein_iptm": 0.0,
    "complex_plddt": 0.9859111309051514,
    "complex_iplddt": 0.9832682013511658,
    "complex_pde": 0.28119146823883057,
    "complex_ipde": 0.31728285551071167,
    "chains_ptm": {
        "0": 0.9836068153381348,
        "1": 0.9647428393363953
    },
    "pair_chains_iptm": {
        "0": {
            "0": 0.9836068153381348,
            "1": 0.8350587487220764
        },
        "1": {
            "0": 0.9909887313842773,
            "1": 0.9647428393363953
        }
    }
}