{
    "confidence_score": 0.9880186915397644,
    "ptm": 0.9856584668159485,
    "iptm": 0.9921324849128723,
    "ligand_iptm": 0.9921324849128723,
    "protein_iptm": 0.0,
    "complex_plddt": 0.986990213394165,
    "complex_iplddt": 0.9853867888450623,
    "complex_pde": 0.2789284288883209,
    "complex_ipde": 0.3113054633140564,
    "chains_ptm": {
        "0": 0.9848297238349915,
        "1": 0.8526647686958313
    },
    "pair_chains_iptm": {
        "0": {
            "0": 0.9848297238349915,
            "1": 0.6825778484344482
        },
        "1": {
            "0": 0.9921324849128723,
            "1": 0.8526647686958313
        }
    }
}