{
    "confidence_score": 0.9790188074111938,
    "ptm": 0.9822499752044678,
    "iptm": 0.9661795496940613,
    "ligand_iptm": 0.9661795496940613,
    "protein_iptm": 0.0,
    "complex_plddt": 0.9822285771369934,
    "complex_iplddt": 0.962958574295044,
    "complex_pde": 0.3094232678413391,
    "complex_ipde": 0.5291609168052673,
    "chains_ptm": {
        "0": 0.9837559461593628,
        "1": 0.7934449911117554
    },
    "pair_chains_iptm": {
        "0": {
            "0": 0.9837559461593628,
            "1": 0.5016050338745117
        },
        "1": {
            "0": 0.9661795496940613,
            "1": 0.7934449911117554
        }
    }
}