{
    "confidence_score": 0.9895662665367126,
    "ptm": 0.9872531890869141,
    "iptm": 0.9954200983047485,
    "ligand_iptm": 0.9954200983047485,
    "protein_iptm": 0.0,
    "complex_plddt": 0.9881027340888977,
    "complex_iplddt": 0.9883606433868408,
    "complex_pde": 0.26781216263771057,
    "complex_ipde": 0.2784230411052704,
    "chains_ptm": {
        "0": 0.9862404465675354,
        "1": 0.8543956279754639
    },
    "pair_chains_iptm": {
        "0": {
            "0": 0.9862404465675354,
            "1": 0.7071953415870667
        },
        "1": {
            "0": 0.9954200983047485,
            "1": 0.8543956279754639
        }
    }
}