{
    "confidence_score": 0.9890756011009216,
    "ptm": 0.9865372776985168,
    "iptm": 0.9949705600738525,
    "ligand_iptm": 0.9949705600738525,
    "protein_iptm": 0.0,
    "complex_plddt": 0.9876018166542053,
    "complex_iplddt": 0.9872897863388062,
    "complex_pde": 0.2678995430469513,
    "complex_ipde": 0.28379520773887634,
    "chains_ptm": {
        "0": 0.9854914546012878,
        "1": 0.8611608147621155
    },
    "pair_chains_iptm": {
        "0": {
            "0": 0.9854914546012878,
            "1": 0.7075873017311096
        },
        "1": {
            "0": 0.9949705600738525,
            "1": 0.8611608147621155
        }
    }
}