{
    "confidence_score": 0.9883944392204285,
    "ptm": 0.9854969382286072,
    "iptm": 0.9906274676322937,
    "ligand_iptm": 0.9906274676322937,
    "protein_iptm": 0.0,
    "complex_plddt": 0.9878362417221069,
    "complex_iplddt": 0.9865559935569763,
    "complex_pde": 0.2821817100048065,
    "complex_ipde": 0.32959944009780884,
    "chains_ptm": {
        "0": 0.9848811626434326,
        "1": 0.8684954047203064
    },
    "pair_chains_iptm": {
        "0": {
            "0": 0.9848811626434326,
            "1": 0.7056112885475159
        },
        "1": {
            "0": 0.9906274676322937,
            "1": 0.8684954047203064
        }
    }
}